Segment,customers,revenue,avg_frequency
Champions,489,4424373.61,15.525562372188139
Loyal Customers,1034,2159756.491,5.222437137330754
At Risk,646,1038214.361,4.171826625386997
Potential Loyalists,665,499604.37,1.4481203007518797
Cant Lose Them,266,414289.67100000003,1.5526315789473684
Hibernating,1238,350970.391,1.1865912762520194
