RecruitmentSource,hires,termination_rate,avg_engagement,avg_satisfaction
Indeed,87,24.1,3.99,3.942528735632184
LinkedIn,76,23.7,4.14,3.8947368421052633
Google Search,49,61.2,4.19,4.061224489795919
Employee Referral,31,16.1,4.19,3.935483870967742
Diversity Job Fair,29,55.2,4.08,3.793103448275862
CareerBuilder,23,47.8,4.09,3.652173913043478
Website,13,7.7,4.22,3.3846153846153846
Other,2,50.0,4.55,3.5
On-line Web application,1,100.0,5.0,5.0
